{
  "products": [
    {
      "id": 1,
      "name": "GIÀY NỮ CAO CẤP TLY – TLYCG 02",
      "img": "sp1.jpg",
      "price": 20000
    },
    {
      "id": 2,
      "name": "GIÀY NỮ CAO CẤP TLY – TLYCG 01",
      "img": "sp2.png",
      "price": 40000
    },
    {
      "id": 3,
      "name": "GIÀY NỮ CAO CẤP TLY – TLYCG 01",
      "img": "sp3.png",
      "price": 25000
    },
    {
      "id": 4,
      "name": "GIÀY NỮ CAO CẤP TLY – TLYBB 01",
      "img": "sp4.png",
      "price": 15000
    },
    {
      "id": 5,
      "name": "GIÀY NỮ CAO CẤP TLY – TLYBB 01",
      "img": "sp1.jpg",
      "price": 30000
    },
    {
      "id": 6,
      "name": "GIÀY NỮ CAO CẤP TLY – TLYBB 01",
      "img": "sp1.jpg",
      "price": 40000
    },
    {
      "id": 7,
      "name": "GIÀY NỮ CAO CẤP TLY – TLYBB 01",
      "img": "sp1.jpg",
      "price":15000
    },
    {
      "id": 8,
      "name": "GIÀY NỮ CAO CẤP TLY – TLYBB 01",
      "img": "sp1.jpg",
      "price": 50000
    }
  ]
}